year,exporter,importer,hs_code,trade_value,trade_weight,unit_price
2023,,,030781,655.524,15.36,42.67734375
2023,,,030781,655.524,15.36,42.67734375
2023,,,030781,2226.316,59.79,37.235591235992636
2023,,,030781,118.669,7.22,16.436149584487534
2023,,,030781,571.843,9.67,59.13578076525336
2023,,,030781,1535.804,42.9,35.79962703962704
2023,,,030781,107.961,1.0,107.961
2023,,,030781,107.961,1.0,107.961
2023,,,030781,107.961,1.0,107.961
2023,,,030781,107.961,1.0,107.961
2023,,,030781,503385.263,14178.7,35.502920789635155
2023,,,030781,1650233.021,42150.7,39.1507856571777
2023,,,030781,2632.224,70.0,37.6032
2023,,,030781,9780.818,288.0,33.96117361111111
2023,,,030781,31592215.149,557734.0,56.643875304356555
2023,,,030781,4358263.976,101037.4,43.135155655232616
2023,,,030781,1827641.063,48753.0,37.487766147724244
2023,,,030781,11068.362,174.0,63.61127586206896
2023,,,030781,294629.705,5042.3,58.431609582928424
2023,,,030781,33480.799,1320.0,25.364241666666665
2023,,,030781,40283330.38,770748.1,52.265234750497605
2023,,,030781,503385.263,14178.7,35.502920789635155
2023,,,030781,1650233.021,42150.7,39.1507856571777
2023,,,030781,1827641.063,48753.0,37.487766147724244
2023,,,030781,9780.818,288.0,33.96117361111111
2023,,,030781,2632.224,70.0,37.6032
2023,,,030781,31592215.149,557734.0,56.643875304356555
2023,,,030781,4358263.976,101037.4,43.135155655232616
2023,,,030781,11068.362,174.0,63.61127586206896
2023,,,030781,33480.799,1320.0,25.364241666666665
2023,,,030781,294629.705,5042.3,58.431609582928424
2023,,,030781,23364.544,353.0,66.18850991501417
2023,,,030781,244.461,6.0,40.743500000000004
2023,,,030781,23364.544,353.0,66.18850991501417
2023,,,030781,244.461,6.0,40.743500000000004
2023,,,030781,14227.629,273.0,52.115857142857145
2023,,,030781,3678.767,136.0,27.049757352941175
2023,,,030781,3678.767,136.0,27.049757352941175
2023,,,030781,58594.335,1495.0,39.193535117056854
2023,,,030781,244.461,6.0,40.743500000000004
2023,,,030781,17906.397,409.0,43.7809217603912
2023,,,030781,244.461,6.0,40.743500000000004
2023,,,030781,82.969,2.0,41.4845
2023,,,030781,14227.629,273.0,52.115857142857145
2023,,,030781,3761.736,138.0,27.25895652173913
2023,,,030781,100722.371,2274.0,44.293039138082676
2023,,,030781,17906.397,409.0,43.7809217603912
2023,,,030781,48150392.0,899851.0,53.50929431650351
2023,,,030781,12060150.0,249880.0,48.263766607971824
2023,,,030781,899253.0,26704.0,33.674842720191734
2023,,,030781,523423.0,7027.0,74.48740572079123
2023,,,030781,34085910.0,576740.0,59.10099871692617
2023,,,030781,581656.0,39500.0,14.72546835443038
2023,,,030781,309.0,76.098,4.060553496806749
2023,,,030781,58242317.0,2866999.098,20.3147315395493
2023,,,030781,3832.423,585.0,6.551150427350427
2023,,,030781,87.224,14.0,6.230285714285714
2023,,,030781,18181.931,2415.0,7.528749896480331
2023,,,030781,478.644,73.0,6.556767123287671
2023,,,030781,6199.476,949.0,6.532640674394099
2023,,,030781,383.787,58.0,6.61701724137931
2023,,,030781,87660.543,11577.0,7.571956724540037
2023,,,030781,341.0,5.0,68.2
2023,,,030781,341.0,5.0,68.2
2023,,,030781,341.0,5.0,68.2
2023,,,030781,341.0,5.0,68.2
2023,,,030781,205.089,3.0,68.363
2023,,,030781,205.089,3.0,68.363
2023,,,030781,205.089,3.0,68.363
2023,,,030781,205.089,3.0,68.363
2023,,,030781,195.654,30.0,6.5218
2023,,,030781,1637.806,40.0,40.94515
2023,,,030781,1833.461,70.0,26.1923
2023,,,030781,1833.461,70.0,26.1923
2023,,,030781,195.654,30.0,6.5218
2023,,,030781,1833.461,70.0,26.1923
2023,,,030781,1833.461,70.0,26.1923
2023,,,030781,195.654,30.0,6.5218
2023,,,030781,195.654,30.0,6.5218
2023,,,030781,1637.806,40.0,40.94515
2023,,,030781,1637.806,40.0,40.94515
2023,,,030781,1637.806,40.0,40.94515
2023,,,030781,529.665,9.0,58.85166666666666
2023,,,030781,58677.304,1497.0,39.19659585838343
2023,,,030781,82.969,2.0,41.4845
2023,,,030781,17906.397,409.0,43.7809217603912
2023,,,030781,58677.304,1497.0,39.19659585838343
2023,,,030781,59124.001,1504.0,39.31117087765957
2023,,,030781,59206.969,1506.0,39.31405644090305
2023,,,030781,23364.544,353.0,66.18850991501417
2023,,,030781,433.941,67.0,6.476731343283582
2023,,,030781,5605.259,862.0,6.5026206496519725
2023,,,030781,478.644,73.0,6.556767123287671
2023,,,030781,23894.21,362.0,66.0061049723757
2023,,,030781,82.969,2.0,41.4845
2023,,,030781,770.846,119.0,6.477697478991597
2023,,,030781,770.846,119.0,6.477697478991597
2023,,,030781,770.846,119.0,6.477697478991597
2023,,,030781,770.846,119.0,6.477697478991597
2023,,,030781,123.204,19.0,6.484421052631578
2023,,,030781,5605.259,862.0,6.5026206496519725
2023,,,030781,3441.003,527.0,6.529417457305503
2023,,,030781,118.843,18.0,6.602388888888889
2023,,,030781,6265.984,959.0,6.533872784150157
2023,,,030781,432.851,66.0,6.5583484848484845
2023,,,030781,383.787,58.0,6.61701724137931
2023,,,030781,355.44,54.0,6.582222222222222
2023,,,030781,24161.165,3698.0,6.533576257436453
2023,,,030781,355.44,54.0,6.582222222222222
2023,,,030781,281.299,43.0,6.541837209302325
2023,,,030781,22014.354,3000.0,7.338118
2023,,,030781,66.509,10.0,6.6509
2023,,,030781,27795.152,3978.0,6.987217697335344
2023,,,030781,11443.844,1410.0,8.116201418439715
2023,,,030781,5605.259,862.0,6.5026206496519725
2023,,,030781,30104.419,2330.0,12.920351502145923
2023,,,030781,17488.496,400.0,43.721239999999995
2023,,,030781,7846.927,722.0,10.868319944598337
2023,,,030781,87.224,14.0,6.230285714285714
2023,,,030781,3832.423,585.0,6.551150427350427
2023,,,030781,247.499,38.0,6.513131578947369
2023,,,030781,123.204,19.0,6.484421052631578
2023,,,030781,11325.001,1392.0,8.13577658045977
2023,,,030781,383.787,58.0,6.61701724137931
2023,,,030781,80106.908,10698.0,7.4880265470181335
2023,,,030781,3441.003,527.0,6.529417457305503
2023,,,030781,478.644,73.0,6.556767123287671
2023,,,030781,281.299,43.0,6.541837209302325
2023,,,030781,6199.476,949.0,6.532640674394099
2023,,,030781,355.44,54.0,6.582222222222222
2023,,,030781,11443.844,1410.0,8.116201418439715
2023,,,030781,478.644,73.0,6.556767123287671
2023,,,030781,11325.001,1392.0,8.13577658045977
2023,,,030781,123.204,19.0,6.484421052631578
2023,,,030781,3441.003,527.0,6.529417457305503
2023,,,030781,7846.927,722.0,10.868319944598337
2023,,,030781,2863.142,161.0,17.78349068322981
2023,,,030781,3832.423,585.0,6.551150427350427
2023,,,030781,118.843,18.0,6.602388888888889
2023,,,030781,23913.665,3660.0,6.53378825136612
2023,,,030781,5605.259,862.0,6.5026206496519725
2023,,,030781,3441.003,527.0,6.529417457305503
2023,,,030781,18181.931,2415.0,7.528749896480331
2023,,,030781,432.851,66.0,6.5583484848484845
2023,,,030781,247.499,38.0,6.513131578947369
2023,,,030781,88093.394,11643.0,7.566210942197028
2023,,,030781,22014.354,3000.0,7.338118
2023,,,030781,59188.311,1510.0,39.19755695364238
2023,,,030781,76676.808,1910.0,40.14492565445026
2023,,,030781,66.509,10.0,6.6509
2023,,,030781,9384.257,579.0,16.207697754749567
2023,,,030781,433.941,67.0,6.476731343283582
2023,,,030781,281.299,43.0,6.541837209302325
2023,,,030781,27547.653,3940.0,6.9917901015228425
2023,,,030781,9471.482,593.0,15.97214502529511
2023,,,030781,40283330.38,770748.1,52.265234750497605
2023,,,030781,123450.0,8000.0,15.43125
2023,,,030781,749744.96,39436.81,19.011298327628428
2023,,,030781,873194.96,47436.81,18.407539630088955
2023,,,030781,58594.335,1495.0,39.193535117056854
2023,,,030781,529.665,9.0,58.85166666666666
2023,,,030781,23894.21,362.0,66.0061049723757
2023,,,030781,14227.629,273.0,52.115857142857145
2023,,,030781,23364.544,353.0,66.18850991501417
2023,,,030781,96960.635,2136.0,45.39355571161048
2023,,,030781,244.461,6.0,40.743500000000004
2023,,,030781,3678.767,136.0,27.049757352941175
2023,,,030781,244.461,6.0,40.743500000000004
2023,,,030781,876033.0,100221.0,8.74101236267848
2023,,,030781,18317.0,824.0,22.229368932038835
2023,,,030781,52407794.0,2558987.0,20.479898491082604
2023,,,030781,4596438.0,196182.0,23.4294583600942
2023,,,030781,7535.0,328.0,22.972560975609756
2023,,,030781,8616.0,627.0,13.741626794258373
2023,,,030781,289973.0,6749.0,42.96532819676989
2023,,,030781,37282.0,3000.0,12.427333333333333
2023,,,030781,20.0,5.0,4.0
2023,,,030781,523.347,20.0,26.16735
2023,,,030781,304.195,18.0,16.899722222222223
2023,,,030781,6541.832,200.0,32.709160000000004
2023,,,030781,12821.99,440.0,29.140886363636362
2023,,,030781,6541.832,200.0,32.709160000000004
2023,,,030781,11313.007,409.0,27.66016381418093
2023,,,030781,47929.819,2070.0,23.15450193236715
2023,,,030781,47929.819,2070.0,23.15450193236715
2023,,,030781,861.341,21.0,41.016238095238094
2023,,,030781,383.787,58.0,6.61701724137931
2023,,,030781,3832.423,585.0,6.551150427350427
2023,,,030781,87.224,14.0,6.230285714285714
2023,,,030781,2863.142,161.0,17.78349068322981
2023,,,030781,433.941,67.0,6.476731343283582
2023,,,030781,281.299,43.0,6.541837209302325
2023,,,030781,59188.311,1510.0,39.19755695364238
2023,,,030781,4633.797,102.0,45.429382352941175
2023,,,030781,16774.346,549.0,30.554364298724956
2023,,,030781,11313.007,409.0,27.66016381418093
2023,,,030781,4633.797,102.0,45.429382352941175
2023,,,030781,68154.982,2731.0,24.956053460270965
2023,,,030781,68154.982,2731.0,24.956053460270965
2023,,,030781,4633.797,102.0,45.429382352941175
2023,,,030781,11313.007,409.0,27.66016381418093
2023,,,030781,304.195,18.0,16.899722222222223
2023,,,030781,12821.99,440.0,29.140886363636362
2023,,,030781,861.341,21.0,41.016238095238094
2023,,,030781,11313.007,409.0,27.66016381418093
2023,,,030781,11313.007,409.0,27.66016381418093
2023,,,030781,12821.99,440.0,29.140886363636362
2023,,,030781,6541.832,200.0,32.709160000000004
2023,,,030781,68154.982,2731.0,24.956053460270965
2023,,,030781,12821.99,440.0,29.140886363636362
2023,,,030781,959431.46,16473.0,58.24266739513143
2023,,,030781,51496.99,5040.0,10.217656746031746
2023,,,030781,19779908.391,633665.0,31.215087453149533
2023,,,030781,17765.44,446.0,39.83282511210762
2023,,,030781,3447774.97,90060.0,38.28308871863202
2023,,,030781,28090.51,1104.0,25.444302536231884
2023,,,030781,651292.219,4928.0,132.16157041396104
2023,,,030781,6265.984,959.0,6.533872784150157
2023,,,030781,89292.73,3840.0,23.253315104166667
2023,,,030781,30104.419,2330.0,12.920351502145923
2023,,,030781,114628.153,4962.0,23.101199717855703
2023,,,030781,4633.797,102.0,45.429382352941175
2023,,,030781,11313.007,409.0,27.66016381418093
2023,,,030781,304.195,18.0,16.899722222222223
2023,,,030781,304.195,18.0,16.899722222222223
2023,,,030781,4633.797,102.0,45.429382352941175
2023,,,030781,861.341,21.0,41.016238095238094
2023,,,030781,12821.99,440.0,29.140886363636362
2023,,,030781,523.347,20.0,26.16735
2023,,,030781,304.195,18.0,16.899722222222223
2023,,,030781,5157.144,122.0,42.27167213114754
2023,,,030781,6541.832,200.0,32.709160000000004
2023,,,030781,47929.819,2070.0,23.15450193236715
2023,,,030781,6541.832,200.0,32.709160000000004
2023,,,030781,136.0,133.0,1.0225563909774436
2023,,,030781,136.0,133.0,1.0225563909774436
2023,,,030781,4529.0,288.0,15.725694444444445
2023,,,030781,6048.0,195.0,31.015384615384615
2023,,,030781,42276.0,1148.0,36.825783972125436
2023,,,030781,52853.0,1631.0,32.405272838749234
2023,,,030781,4529.0,288.0,15.725694444444445
2023,,,030781,6048.0,195.0,31.015384615384615
2023,,,030781,42276.0,1148.0,36.825783972125436
2023,,,030781,52853.0,1631.0,32.405272838749234
2023,,,030781,31.44,4.804,6.544546211490425
2023,,,030781,1599.656,10.97,145.82096627164995
2023,,,030781,374.203,24.051,15.558729366762297
2023,,,030781,22.739,7.0,3.2484285714285717
2023,,,030781,269.823,27.0,9.993444444444444
2023,,,030781,1680.38,21.22,79.18850141376062
2023,,,030781,114.0,21.0,5.428571428571429
2023,,,030781,18.437,8.0,2.304625
2023,,,030781,929.8,13.0,71.52307692307691
2023,,,030781,16.0,4.0,4.0
2023,,,030781,218.8,13.0,16.83076923076923
2023,,,030781,93.999,20.0,4.699949999999999
2023,,,030781,65.155,10.0,6.5155
2023,,,030781,211.0,3.0,70.33333333333333
2023,,,030781,5650.497,190.045,29.73241600673525
2023,,,030781,2.63,1.0,2.63
2023,,,030781,0.928,1.0,0.928
2023,,,030781,1.507,1.0,1.507
2023,,,030781,114.0,21.0,5.428571428571429
2023,,,030781,269.823,27.0,9.993444444444444
2023,,,030781,1680.38,21.22,79.18850141376062
2023,,,030781,22.739,7.0,3.2484285714285717
2023,,,030781,374.203,24.051,15.558729366762297
2023,,,030781,18.437,8.0,2.304625
2023,,,030781,31.44,4.804,6.544546211490425
2023,,,030781,1599.656,10.97,145.82096627164995
2023,,,030781,16.0,4.0,4.0
2023,,,030781,218.8,13.0,16.83076923076923
2023,,,030781,929.8,13.0,71.52307692307691
2023,,,030781,211.0,3.0,70.33333333333333
2023,,,030781,93.999,20.0,4.699949999999999
2023,,,030781,65.155,10.0,6.5155
2023,,,030781,5650.497,190.045,29.73241600673525
2023,,,030781,2.63,1.0,2.63
2023,,,030781,0.928,1.0,0.928
2023,,,030781,17488.496,400.0,43.721239999999995
2023,,,030781,30104.419,2330.0,12.920351502145923
2023,,,030781,7846.927,722.0,10.868319944598337
2023,,,030781,7846.927,722.0,10.868319944598337
2023,,,030781,11313.007,409.0,27.66016381418093
2023,,,030781,16774.346,549.0,30.554364298724956
2023,,,030781,11313.007,409.0,27.66016381418093
2023,,,030781,523.347,20.0,26.16735
2023,,,030781,523.347,20.0,26.16735
2023,,,030781,68154.982,2731.0,24.956053460270965
2023,,,030781,12821.99,440.0,29.140886363636362
2023,,,030781,87295.141,23221.0,3.7593187631884932
2023,,,030781,1602.44,38.0,42.16947368421053
2023,,,030781,84638.464,23166.0,3.6535640162306833
2023,,,030781,716.881,13.0,55.1446923076923
2023,,,030781,337.356,4.0,84.339
2023,,,030781,115989.847,9296.0,12.477393179862306
2023,,,030781,26826.274,1291.0,20.779453137103022
2023,,,030781,69235.792,7365.0,9.400650644942294
2023,,,030781,19927.781,640.0,31.1371578125
2023,,,030781,8153.847,198.0,41.181045454545455
2023,,,030781,8153.847,198.0,41.181045454545455
2023,,,030781,8153.847,198.0,41.181045454545455
2023,,,030781,8153.847,198.0,41.181045454545455
2023,,,030781,8153.847,198.0,41.181045454545455
2023,,,030781,8153.847,198.0,41.181045454545455
2023,,,030781,8153.847,198.0,41.181045454545455
2023,,,030781,8153.847,198.0,41.181045454545455
2023,,,030781,54430604.0,2665729.061,20.418655742748793
2023,,,030781,20227.0,655.47,30.858773094115673
2023,,,030781,62790.0,1761.552,35.644704215373714
2023,,,030781,72494.903,1178.35,61.52238553910129
2023,,,030781,72494.903,1178.35,61.52238553910129
2023,,,030781,72494.903,1178.35,61.52238553910129
2023,,,030781,72494.903,1178.35,61.52238553910129
2023,,,030781,2863.142,161.0,17.78349068322981
2023,,,030781,87.224,14.0,6.230285714285714
2023,,,030781,2863.142,161.0,17.78349068322981
2023,,,030781,9384.257,579.0,16.207697754749567
2023,,,030781,9471.482,593.0,15.97214502529511
2023,,,030781,17488.496,400.0,43.721239999999995
2023,,,030781,7846.927,722.0,10.868319944598337
2023,,,030781,89292.73,3840.0,23.253315104166667
2023,,,030781,114628.153,4962.0,23.101199717855703
2023,,,030781,11313.007,409.0,27.66016381418093
2023,,,030781,304.195,18.0,16.899722222222223
2023,,,030781,11313.007,409.0,27.66016381418093
2023,,,030781,523.347,20.0,26.16735
2023,,,030781,6541.832,200.0,32.709160000000004
2023,,,030781,4372.91,81.6,53.58958333333334
2023,,,030781,4372.91,81.6,53.58958333333334
2023,,,030781,4372.91,81.6,53.58958333333334
2023,,,030781,4372.91,81.6,53.58958333333334
2023,,,030781,4372.91,81.6,53.58958333333334
2023,,,030781,4372.91,81.6,53.58958333333334
2023,,,030781,4372.91,81.6,53.58958333333334
2023,,,030781,4372.91,81.6,53.58958333333334
2023,,,030781,8153.847,198.0,41.181045454545455
2023,,,030781,8153.847,198.0,41.181045454545455
2023,,,030781,8153.847,198.0,41.181045454545455
2023,,,030781,8153.847,198.0,41.181045454545455
2023,,,030781,1406706.624,9139.0,153.9234734653682
2023,,,030781,433.941,67.0,6.476731343283582
2023,,,030781,76676.808,1910.0,40.14492565445026
2023,,,030781,30104.419,2330.0,12.920351502145923
2023,,,030781,80539.759,10764.0,7.482326179858789
2023,,,030781,123.204,19.0,6.484421052631578
2023,,,030781,355.44,54.0,6.582222222222222
2023,,,030781,7846.927,722.0,10.868319944598337
2023,,,030781,17488.496,400.0,43.721239999999995
2023,,,030781,5157.144,122.0,42.27167213114754
2023,,,030781,16774.346,549.0,30.554364298724956
2023,,,030781,304.195,18.0,16.899722222222223
2023,,,030781,4633.797,102.0,45.429382352941175
2023,,,030781,16774.346,549.0,30.554364298724956
2023,,,030781,68154.982,2731.0,24.956053460270965
2023,,,030781,861.341,21.0,41.016238095238094
2023,,,030781,47929.819,2070.0,23.15450193236715
2023,,,030781,861.341,21.0,41.016238095238094
2023,,,030781,304.195,18.0,16.899722222222223
2023,,,030781,4633.797,102.0,45.429382352941175
2023,,,030781,304.195,18.0,16.899722222222223
2023,,,030781,11313.007,409.0,27.66016381418093
2023,,,030781,4633.797,102.0,45.429382352941175
2023,,,030781,68154.982,2731.0,24.956053460270965
2023,,,030781,1010928.45,21513.0,46.99151443313345
2023,,,030781,944.967,2.7,349.98777777777775
2023,,,030781,318.142,37.0,8.598432432432432
2023,,,030781,1263.108,39.7,31.816322418136018
2023,,,030781,1263.108,39.7,31.816322418136018
2023,,,030781,318.142,37.0,8.598432432432432
2023,,,030781,944.967,2.7,349.98777777777775
2023,,,030781,944.967,2.7,349.98777777777775
2023,,,030781,304.195,18.0,16.899722222222223
2023,,,030781,861.341,21.0,41.016238095238094
2023,,,030781,6541.832,200.0,32.709160000000004
2023,,,030781,12821.99,440.0,29.140886363636362
2023,,,030781,861.341,21.0,41.016238095238094
2023,,,030781,11313.007,409.0,27.66016381418093
2023,,,030781,523.347,20.0,26.16735
2023,,,030781,5157.144,122.0,42.27167213114754
2023,,,030781,47929.819,2070.0,23.15450193236715
2023,,,030781,861.341,21.0,41.016238095238094
2023,,,030781,12821.99,440.0,29.140886363636362
2023,,,030781,47929.819,2070.0,23.15450193236715
2023,,,030781,6541.832,200.0,32.709160000000004
2023,,,030781,68154.982,2731.0,24.956053460270965
2023,,,030781,8153.847,198.0,41.181045454545455
2023,,,030781,8153.847,198.0,41.181045454545455
2023,,,030781,8153.847,198.0,41.181045454545455
2023,,,030781,8153.847,198.0,41.181045454545455
2023,,,030781,8153.847,198.0,41.181045454545455
2023,,,030781,8153.847,198.0,41.181045454545455
2023,,,030781,8153.847,198.0,41.181045454545455
2023,,,030781,8153.847,198.0,41.181045454545455
2023,,,030781,52445.898,3025.5,17.33462171541894
2023,,,030781,25979.123,1400.0,18.556516428571427
2023,,,030781,9510.542,1361.0,6.98790742101396
2023,,,030781,437.879,46.2,9.477900432900432
2023,,,030781,1404.632,112.0,12.541357142857143
2023,,,030781,125747.935,6445.4,19.50971778322525
2023,,,030781,223140.757,12934.7,17.251328364786197
2023,,,030781,125747.935,6445.4,19.50971778322525
2023,,,030781,437.879,46.2,9.477900432900432
2023,,,030781,1996309.31,168312.0,11.860766374352394
2023,,,030781,25921140.839,898515.0,28.848868231470817
2023,,,030781,4372.91,81.6,53.58958333333334
2023,,,030781,4372.91,81.6,53.58958333333334
2023,,,030781,4372.91,81.6,53.58958333333334
2023,,,030781,4372.91,81.6,53.58958333333334
2023,,,030781,4372.91,81.6,53.58958333333334
2023,,,030781,4372.91,81.6,53.58958333333334
2023,,,030781,4372.91,81.6,53.58958333333334
2023,,,030781,4372.91,81.6,53.58958333333334
2023,,,030781,8153.847,198.0,41.181045454545455
2023,,,030781,8153.847,198.0,41.181045454545455
2023,,,030781,8153.847,198.0,41.181045454545455
2023,,,030781,8153.847,198.0,41.181045454545455
2023,,,030781,8153.847,198.0,41.181045454545455
2023,,,030781,8153.847,198.0,41.181045454545455
2023,,,030781,8153.847,198.0,41.181045454545455
2023,,,030781,8153.847,198.0,41.181045454545455
2023,,,030781,1978.896,200.0,9.89448
2023,,,030781,5595.068,343.6,16.283667054714783
2023,,,030781,11904.768,221.0,53.86772850678733
2023,,,030781,4402.926,80.0,55.036575000000006
2023,,,030781,6332.99,120.0,52.77491666666666
2023,,,030781,1061.806,19.0,55.88452631578948
2023,,,030781,107.046,2.0,53.523
2023,,,030781,2.163,0.054,40.05555555555555
2023,,,030781,3.244,0.081,40.04938271604939
2023,,,030781,4.325,0.108,40.0462962962963
2023,,,030781,28461.153,709.243,40.12891632346036
2023,,,030781,28451.421,709.0,40.12894358251057
2023,,,030781,47603.668,9110.0,5.225430076838639
2023,,,030781,46989.0,1747.0,26.896966227819117
2023,,,030781,99566.0,2927.0,34.016399043389136
2023,,,030781,437344.0,12172.409,35.92912462931537
2023,,,030781,14187.0,563.0,25.19893428063943
2023,,,030781,30338.0,1543.0,19.661697990926765
2023,,,030781,1971384.0,90170.0,21.8629699456582
2023,,,030781,8264.0,195.0,42.37948717948718
2023,,,030781,43891769.0,2223158.0,19.742982280161822
2023,,,030781,2033811.0,54991.63,36.984010112084334
2023,,,030781,575720.0,39500.0,14.575189873417722
2023,,,030781,5238032.0,236340.0,22.16312092747736
2023,,,030781,183.0,5.0,36.6
2023,,,030781,11420550.251,256221.0,44.57304534366816
2023,,,030781,11128965.706,250423.0,44.440669211693816
2023,,,030781,29107.117,471.0,61.79854989384288
2023,,,030781,25300.391,640.0,39.5318609375
2023,,,030781,4471.169,112.0,39.92115178571429
2023,,,030781,164299.631,3274.0,50.183149358582774
2023,,,030781,1626.103,129.0,12.6054496124031
2023,,,030781,66780.135,1172.0,56.97963737201365
2023,,,030781,11420550.251,256221.0,44.57304534366816
2023,,,030781,11128965.706,250423.0,44.440669211693816
2023,,,030781,29107.117,471.0,61.79854989384288
2023,,,030781,25300.391,640.0,39.5318609375
2023,,,030781,4471.169,112.0,39.92115178571429
2023,,,030781,164299.631,3274.0,50.183149358582774
2023,,,030781,1626.103,129.0,12.6054496124031
2023,,,030781,66780.135,1172.0,56.97963737201365
2023,,,030781,6252.635,200.0,31.263175
2023,,,030781,6252.635,200.0,31.263175
2023,,,030781,194.57,3.0,64.85666666666667
2023,,,030781,523.347,20.0,26.16735
2023,,,030781,5157.144,122.0,42.27167213114754
2023,,,030781,304.195,18.0,16.899722222222223
2023,,,030781,523.347,20.0,26.16735
2023,,,030781,304.195,18.0,16.899722222222223
2023,,,030781,47929.819,2070.0,23.15450193236715
2023,,,030781,68154.982,2731.0,24.956053460270965
2023,,,030781,47929.819,2070.0,23.15450193236715
2023,,,030781,69747.0,882.0,79.078231292517
2023,,,030781,69747.0,882.0,79.078231292517
2023,,,030781,443135.0,9327.0,47.51098960008577
2023,,,030781,443135.0,9327.0,47.51098960008577
2023,,,030781,373388.0,8445.0,44.21409117821196
2023,,,030781,373388.0,8445.0,44.21409117821196
2023,,,030781,4372.91,81.6,53.58958333333334
2023,,,030781,4372.91,81.6,53.58958333333334
2023,,,030781,4372.91,81.6,53.58958333333334
2023,,,030781,4372.91,81.6,53.58958333333334
2023,,,030781,25979.123,1400.0,18.556516428571427
2023,,,030781,9510.542,1361.0,6.98790742101396
2023,,,030781,52445.898,3025.5,17.33462171541894
2023,,,030781,223140.757,12934.7,17.251328364786197
2023,,,030781,1978.896,200.0,9.89448
2023,,,030781,5595.068,343.6,16.283667054714783
2023,,,030781,40.784,1.0,40.784
2023,,,030781,40.784,1.0,40.784
2023,,,030781,194.57,3.0,64.85666666666667
2023,,,030781,194.57,3.0,64.85666666666667
2023,,,030781,14835.005,362.0,40.98067679558011
2023,,,030781,14835.005,362.0,40.98067679558011
2023,,,030781,14579.826,500.0,29.159651999999998
2023,,,030781,1.507,1.0,1.507
2023,,,030781,4372.91,81.6,53.58958333333334
2023,,,030781,4372.91,81.6,53.58958333333334
2023,,,030781,4372.91,81.6,53.58958333333334
